dataset,model_name,task_type,sens_heuristic_mean,sens_heuristic_std,sens_judge_mean,sens_judge_std,eas_mean,eas_std,mean_heuristic,mean_judge,stab_sem_mean,n_artifact,n_genuine,n_stable,n_items
arc_challenge,llama3.1:8b,mcq,0.14251694435414408,0.18634323340413697,0.29604025782010757,0.21614723826802323,0.24012585384440738,0.23050151402701263,0.7875,0.5875,,0,4,6,10
arc_challenge,llama3.2:3b,mcq,0.04841229182759271,0.15309310892394862,0.14330127018922192,0.23145612966165033,0.09488897836162921,0.19655728584787113,0.5625,0.475,,0,8,2,10
boolq,llama3.1:8b,boolean,0.0,0.0,0.1094450529658367,0.17840895711602597,0.1094450529658367,0.17840895711602597,1.0,0.95,,0,7,3,10
boolq,llama3.2:3b,boolean,0.09171356201681465,0.19372409516339323,0.11967443176675126,0.19469500473334408,0.038182913026678166,0.10403413208427788,0.9375,0.9375,,0,9,1,10
squad,llama3.1:8b,open_ended,0.1647061463145842,0.10662693848544455,0.033071891388307385,0.10458250331675946,0.16600589012345313,0.10662698505963836,0.6505871343065082,0.9875,,0,2,8,10
squad,llama3.2:3b,open_ended,0.1892159186697449,0.11381297002986734,0.033071891388307385,0.10458250331675946,0.20499770583391203,0.10881172793843455,0.45738060026675587,0.8875,,0,0,10,10
