dataset,model_name,task_type,sens_heuristic_mean,sens_heuristic_std,sens_judge_mean,sens_judge_std,eas_mean,eas_std,mean_heuristic,mean_judge,stab_sem_mean,n_artifact,n_genuine,n_stable,n_items,eas_ci_lo,eas_ci_hi,sh_ci_lo,sh_ci_hi,sj_ci_lo,sj_ci_hi
arc_challenge,llama3.2:1b,mcq,0.22937212933547235,0.23555896754413744,0.25142005692767727,0.2281778381781907,0.06560819455172848,0.15177769058916035,0.45,0.35,,16,0,14,30,0.01772513878160486,0.12585033930994963,0.14871569717319325,0.3140051284841147,0.16761527377678598,0.3337267242663464
boolq,llama3.2:1b,boolean,0.18410574332176755,0.21888449625144238,0.2460363508274147,0.2375963269008056,0.06193060750564715,0.14970173255029035,0.6,0.5291666666666667,,16,0,14,30,0.015208819785442754,0.12426065090694813,0.10666326277321954,0.259060689593015,0.16046476323975478,0.3256313506027113
squad,llama3.2:1b,open_ended,0.15841045942307108,0.1186575072305946,0.09985941411147235,0.1854833315681887,0.1989295839017738,0.13133155068217364,0.34489385614616164,0.7708333333333334,,24,0,6,30,0.15203632144242943,0.24707986454899783,0.11673558385129895,0.20201328058669,0.03989147725558375,0.170910158913299
