dataset,model_name,task_type,sens_heuristic_mean,sens_heuristic_std,sens_judge_mean,sens_judge_std,eas_mean,eas_std,mean_heuristic,mean_judge,stab_sem_mean,n_artifact,n_genuine,n_stable,n_items
arc_challenge,llama3.2:3b,mcq,0.04841229182759271,0.15309310892394862,0.033071891388307385,0.10458250331675945,0.01534040043928533,0.048510605607189186,0.5625,0.0125,,0,0,10,10
boolq,llama3.2:3b,boolean,0.09171356201681465,0.19372409516339323,0.04841229182759271,0.15309310892394862,0.05352331346596349,0.15214751736939444,0.9375,0.0375,,0,0,10,10
squad,llama3.2:3b,open_ended,0.1892159186697449,0.11381297002986734,0.0,0.0,0.1892159186697449,0.11381297002986734,0.45738060026675587,0.0,,0,0,10,10
