dataset,model_name,task_type,sens_heuristic_mean,sens_heuristic_std,sens_judge_mean,sens_judge_std,eas_mean,eas_std,mean_heuristic,mean_judge,stab_sem_mean,n_artifact,n_genuine,n_stable,n_items,eas_ci_lo,eas_ci_hi,sh_ci_lo,sh_ci_hi,sj_ci_lo,sj_ci_hi
arc_challenge,llama3.2:3b,mcq,0.07439924841090491,0.17115908662318183,0.1885715631956196,0.22471997644722605,0.11757966254362855,0.19271001286857967,0.6375,0.5666666666666667,,0,4,26,30,0.053136311818400596,0.18974600101760747,0.025457720525843105,0.14092935893357714,0.11334558098385888,0.2664005302944106
boolq,llama3.2:3b,boolean,0.08371953832755044,0.1729915452455303,0.16141016879031958,0.2201803901766894,0.10996549168116428,0.1911057713554342,0.8708333333333333,0.8083333333333333,,1,4,25,30,0.04947070281316279,0.18767231331741446,0.028824860483126796,0.14658551263913158,0.09158192023360394,0.24374085275713783
squad,llama3.2:3b,open_ended,0.17369402040004175,0.1260079264798617,0.06705287166088378,0.1546121255963107,0.21301958392869955,0.13014525062961604,0.47591847592728886,0.8541666666666666,,23,0,7,30,0.16446902969310448,0.2538152672984424,0.12993369399481905,0.2171641452879953,0.014433756729740644,0.12478545340512202
