dataset,model_name,task_type,sens_heuristic_mean,sens_heuristic_std,sens_judge_mean,sens_judge_std,eas_mean,eas_std,mean_heuristic,mean_judge,stab_sem_mean,n_artifact,n_genuine,n_stable,n_items
arc_challenge,llama3.1:8b,mcq,0.14251694435414408,0.18634323340413697,0.15274632315505862,0.20012096553670955,0.07637316157752931,0.16280404100449036,0.7875,0.075,,0,0,10,10
boolq,llama3.1:8b,boolean,0.0,0.0,0.09171356201681465,0.19372409516339323,0.09171356201681465,0.19372409516339323,1.0,0.0625,,0,0,10,10
squad,llama3.1:8b,open_ended,0.1647061463145842,0.10662693848544455,0.0,0.0,0.1647061463145842,0.10662693848544455,0.6505871343065082,0.0,,0,0,10,10
