dataset,model_name,task_type,sens_heuristic_mean,sens_heuristic_std,sens_judge_mean,sens_judge_std,eas_mean,eas_std,mean_heuristic,mean_judge,stab_sem_mean,n_artifact,n_genuine,n_stable,n_items,eas_ci_lo,eas_ci_hi,sh_ci_lo,sh_ci_hi,sj_ci_lo,sj_ci_hi
arc_challenge,llama3.1:8b,mcq,0.09186294524748381,0.17338774354266914,0.2505109680434083,0.21589450222980752,0.18751553625540573,0.20847430318076424,0.7333333333333333,0.6458333333333334,,6,3,21,30,0.11362617437441026,0.26284049634738926,0.03648168432194557,0.16168449895138837,0.17360447953450858,0.326352791074138
boolq,llama3.1:8b,boolean,0.028867513459481287,0.10985884360051028,0.19027768224980085,0.22562802078438712,0.16141016879031958,0.22018039017668942,0.9166666666666666,0.7916666666666666,,3,2,25,30,0.0893460500246336,0.24592686003962264,0.0,0.07216878364870322,0.11219431074418897,0.2769066233017501
squad,llama3.1:8b,open_ended,0.16035966709943966,0.1121347989164218,0.054852024868069164,0.1453726081768646,0.15842893635422792,0.10780460292668585,0.661914863933809,0.8958333333333334,,18,0,12,30,0.11962980542839916,0.1986607463433843,0.12143190508438657,0.1989831437747425,0.011023963796102461,0.11428828049176433
